NAME,Code,INDUSTRY GROUP,INDUSTRY GROUP,MNEMONIC,CURRENCY,GEOGRAPHIC DESCR.,ISIN CODE
3I GROUP,960338,109,Investment Trusts,III,Pound,UNITED KINGDOM,GB00B1YW4409
A P MOLLER MAERSK B,997863,99,Marine Transportation,DK:DSB,DK,DENMARK,DK0010244508
A2A,685120,169,Conv. Electricity,I:A2A,E,ITALY,IT0001233417
AAK,31938W,71,Food Products,W:AAK,SK,SWEDEN,SE0011337708
AALBERTS,749352,213,Elec. Eq: Control,H:AALB,E,NETHERLANDS,NL0000852564
ABB LTD N,922924,258,Electrical Components,S:ABBN,SF,SWITZERLAND,CH0012221716
ABN AMRO BANK,8721AT,102,Banks,H:ABN,E,NETHERLANDS,NL0011540547
ACCOR,929363,80,Hotels & Motels,F:AC,E,FRANCE,FR0000120404
ACKERMANS & VAN HAAREN,755087,113,Div. Fin. Services,B:ACK,E,BELGIUM,BE0003764785
ACS ACTIV.CONSTR.Y SERV.,539621,39,Construction,E:ACS,E,SPAIN,ES0167050915
ADECCO GROUP,992838,134,"Training, Emp. Agency",S:ADEN,SF,SWITZERLAND,CH0012138605
ADIDAS (XET),870874,153,Footwear,D:ADSX,E,GERMANY,DE000A1EWWW0
ADMIRAL GROUP,29549F,107,Prop. & Casualty Ins.,ADM,Pound,UNITED KINGDOM,GB00B02J6398
ADP,36066K,64,Transport Services,F:ADP,E,FRANCE,FR0010340141
ADYEN,9307KF,261,Transaction Process,H:ADYE,E,NETHERLANDS,NL0012969182
AEGON,922956,106,Life Insurance,H:AGN,E,NETHERLANDS,NL0000303709
AENA SME,89240U,64,Transport Services,E:AENA,E,SPAIN,ES0105046009
AGEAS (EX-FORTIS),929303,106,Life Insurance,B:AGS,E,BELGIUM,BE0974264930
AGGREKO,892907,258,Electrical Components,AGK,Pound,UNITED KINGDOM,GB00BK1PTB77
KONINKLIJKE AHOLD DELHAIZE,916642,88,Food Retail & Wsale,H:AD,E,NETHERLANDS,NL0011794037
AIB GROUP,904336,102,Banks,A5G,E,IRELAND,IE00BF0L3536
AIR FRANCE-KLM,929286,129,Airlines,F:UTA,E,FRANCE,FR0000031122
AIR LIQUIDE,923295,33,Specialty Chemicals,F:AIR,E,FRANCE,FR0000120073
AIRBUS,289361,98,Aerospace,F:AIRS,E,FRANCE,NL0000235190
AKER BP,51429U,50,Oil: Crude Producers,N:AKEP,NK,NORWAY,NO0010345853
AKZO NOBEL,912643,33,Specialty Chemicals,H:AKZA,E,NETHERLANDS,NL0013267909
ALCON (SWX) ORD SHS,94405Z,103,Medical Supplies,S:ALC,SF,SWITZERLAND,CH0432492467
ALFA LAVAL,25522V,213,Elec. Eq: Control,W:ALF,SK,SWEDEN,SE0000695876
ALLIANZ (XET),866033,141,Full Line Insurance,D:ALVX,E,GERMANY,DE0008404005
ALSTOM,682858,258,Electrical Components,F:ALOT,E,FRANCE,FR0010220475
ALTEN,692445,150,Computer Services,F:ALTE,E,FRANCE,FR0000071946
ALTRAN TECHNOLOGIES,756882,150,Computer Services,F:ATE,E,FRANCE,FR0000034639
AMADEUS IT GROUP,69265H,150,Computer Services,E:AMS,E,SPAIN,ES0109067019
AMBU B,307640,132,Medical Equipment,DK:AMB,DK,DENMARK,DK0060946788
AMPLIFON,259288,103,Medical Supplies,I:AMP,E,ITALY,IT0004056880
AMS,28976M,130,Semiconductors,S:AMS,E,SWITZERLAND,AT0000A18XM4
AMUNDI (WI),8712AZ,104,"Asset Mngr, Custodian",F:AMUN,E,FRANCE,FR0004125920
ANDRITZ,255055,43,Machinery: Industrial,O:AND,E,AUSTRIA,AT0000730007
ANGLO AMERICAN,903076,122,General Mining,AAL,Pound,UNITED KINGDOM,GB00B1XZS820
ANHEUSER-BUSCH INBEV,289504,67,Brewers,B:ABI,E,BELGIUM,BE0974293251
ANTOFAGASTA,926288,209,Copper,ANTO,Pound,UNITED KINGDOM,GB0000456144
ARCELORMITTAL,899069,56,Iron & Steel,H:MT,E,NETHERLANDS,LU1598757687
ARGENX,8917JF,157,Biotechnology,B:ARGX,E,BELGIUM,NL0010832176
ARKEMA,35720C,92,Chemicals: Divers.,F:AKE,E,FRANCE,FR0010313833
AROUNDTOWN (XET),8739DD,112,"Real Estate Hold, Dev",D:AT1X,E,FRANCE,LU1673108939
ASHMORE GROUP,412726,104,"Asset Mngr, Custodian",ASHM,Pound,UNITED KINGDOM,GB00B132NW22
ASHTEAD GROUP,906045,208,"Comm. Vehicles, Lease",AHT,Pound,UNITED KINGDOM,GB0000536739
ASM INTERNATIONAL,888051,245,Prod. Tech. Equipment,H:ASIN,E,NETHERLANDS,NL0000334118
ASML HOLDING,152001,245,Prod. Tech. Equipment,H:ASML,E,NETHERLANDS,NL0010273215
ASR NEDERLAND,7493HR,141,Full Line Insurance,H:ASRN,E,NETHERLANDS,NL0011872643
ASSA ABLOY B,143328,30,Bldg Materials: Other,W:ASSB,SK,SWEDEN,SE0007100581
ASSICURAZIONI GENERALI,923375,141,Full Line Insurance,I:G,E,ITALY,IT0000062072
ASSOCIATED BRIT.FOODS,900825,71,Food Products,ABF,Pound,UNITED KINGDOM,GB0006731235
ASTRAZENECA,319608,95,Pharmaceuticals,AZN,Pound,UNITED KINGDOM,GB0009895292
ATLANTIA,685756,64,Transport Services,I:ATL,E,ITALY,IT0003506190
ATLAS COPCO A,929448,229,Machinery: Const.,W:SR@G,SK,SWEDEN,SE0011166610
ATOS,740622,150,Computer Services,F:ATO,E,FRANCE,FR0000051732
AUTO TRADER GROUP,9375DV,151,Consumer Digital Svs,AUTO,Pound,UNITED KINGDOM,GB00BVYVFW23
AVEVA GROUP,882839,58,Software,AVV,Pound,UNITED KINGDOM,GB00BBG9VN75
AVIVA,901503,106,Life Insurance,AV.,Pound,UNITED KINGDOM,GB0002162385
AXA,936732,141,Full Line Insurance,F:MIDI,E,FRANCE,FR0000120628
B&M EUROPEAN VAL.RET.,8911X3,87,Diversified Retailers,BME,Pound,UNITED KINGDOM,LU1072616219
BAE SYSTEMS,901419,44,Defense,BA.,Pound,UNITED KINGDOM,GB0002634946
BALFOUR BEATTY,900494,39,Construction,BBY,Pound,UNITED KINGDOM,GB0000961622
BALOISE HOLDING,929734,141,Full Line Insurance,S:BALN,SF,SWITZERLAND,CH0012410517
BANCO BPM,682797,102,Banks,I:BP,E,ITALY,IT0005218380
BANK OF IRELAND GROUP,906225,102,Banks,BIRG,E,IRELAND,IE00BD1RP616
BANKIA,77436R,102,Banks,E:BKIA,E,SPAIN,ES0113307062
BANKINTER 'R',756572,102,Banks,E:BKT,E,SPAIN,ES0113679I37
BARCLAYS,901443,102,Banks,BARC,Pound,UNITED KINGDOM,GB0031348658
BARRATT DEVELOPMENTS,906309,36,Home Construction,BDEV,Pound,UNITED KINGDOM,GB0000811801
BARRY CALLEBAUT,682796,71,Food Products,S:BARN,SF,SWITZERLAND,CH0009002962
BASF (XET),866034,92,Chemicals: Divers.,D:BASX,E,GERMANY,DE000BASF111
BAYER (XET),866035,95,Pharmaceuticals,D:BAYNX,E,GERMANY,DE000BAY0017
BB BIOTECH N,309759,157,Biotechnology,S:BION,SF,SWITZERLAND,CH0038389992
BBA AVIATION,900293,64,Transport Services,BBA,Pound,UNITED KINGDOM,GB00B1FP8915
BBV.ARGENTARIA,779090,102,Banks,E:BBVA,E,SPAIN,ES0113211835
BANCO COMR.PORTUGUES 'R',756191,102,Banks,P:BCP,E,PORTUGAL,PTBCP0AM0015
BANCO DE SABADELL,258990,102,Banks,E:BSAB,E,SPAIN,ES0113860A34
BANCO SANTANDER,702853,102,Banks,E:SAN,E,SPAIN,ES0113900J37
BEAZLEY,26473F,107,Prop. & Casualty Ins.,BEZ,Pound,UNITED KINGDOM,GB00BYQ0JC66
BECHTLE (XET),290299,150,Computer Services,D:BC8X,E,GERMANY,DE0005158703
BEIERSDORF (XET),870528,48,Personal Products,D:BEIX,E,GERMANY,DE0005200000
BELIMO HOLDING,866091,205,Bldg: Climate Control,S:BEAN,SF,SWITZERLAND,CH0001503199
BELLWAY,904076,36,Home Construction,BWY,Pound,UNITED KINGDOM,GB0000904986
BERKELEY GROUP HDG.,974117,36,Home Construction,BKG,Pound,UNITED KINGDOM,GB00B02L3W35
BHP GROUP,899188,122,General Mining,BHP,Pound,UNITED KINGDOM,GB00BH0P3Z91
BIC,930885,62,Nondur.Household Prod,F:BIC,E,FRANCE,FR0000120966
BIOMERIEUX,29169X,132,Medical Equipment,F:BIM,E,FRANCE,FR0013280286
BMW (XET),866038,65,Automobiles,D:BMWX,E,GERMANY,DE0005190003
BNP PARIBAS,309449,102,Banks,F:BNP,E,FRANCE,FR0000131104
BOLIDEN ORD SHS,14851R,122,General Mining,W:BOL,SK,SWEDEN,SE0012455673
BOLLORE,997966,64,Transport Services,F:MATI,E,FRANCE,FR0000039299
BOLSAS Y MERCADOS ESPANOLES,36252X,111,Investment Services,E:BOLS,E,SPAIN,ES0115056139
BOSKALIS WESTMINSTER,922358,39,Construction,H:BOSK,E,NETHERLANDS,NL0000852580
BOUYGUES,923500,39,Construction,F:ENT,E,FRANCE,FR0000120503
BP,900995,97,Integrated Oil & Gas,BP.,Pound,UNITED KINGDOM,GB0007980591
BRENNTAG (XET),69026P,92,Chemicals: Divers.,D:BNRX,E,GERMANY,DE000A1DAHH0
BRITISH AMERICAN TOBACCO,901295,79,Tobacco,BATS,Pound,UNITED KINGDOM,GB0002875804
BRITISH LAND,901587,163,Diversified REITs,BLND,Pound,UNITED KINGDOM,GB0001367019
BRITVIC,32480C,114,Soft Drinks,BVIC,Pound,UNITED KINGDOM,GB00B0N8QD54
BT GROUP,900888,142,Telecom. Services,BT.A,Pound,UNITED KINGDOM,GB0030913577
BUCHER INDUSTRIES,741050,228,Machinery: Agri.,S:BUCN,SF,SWITZERLAND,CH0002432174
BUNZL,901067,101,Divers. Industrials,BNZL,Pound,UNITED KINGDOM,GB00B0744B38
BURBERRY GROUP,25968K,69,"Clothing, Accessories",BRBY,Pound,UNITED KINGDOM,GB0031743007
BUREAU VERITAS,51185D,259,Prof.Business Support,F:BVI,E,FRANCE,FR0006174348
CAIXABANK,51170Q,102,Banks,E:CABK,E,SPAIN,ES0140609019
CAPGEMINI,702043,150,Computer Services,F:CAP,E,FRANCE,FR0000125338
CAPITA,953830,259,Prof.Business Support,CPI,Pound,UNITED KINGDOM,GB00B23K0M20
CARL ZEISS MEDITEC (XET),287937,132,Medical Equipment,D:AFXX,E,GERMANY,DE0005313704
CARLSBERG B,997371,67,Brewers,DK:CAB,DK,DENMARK,DK0010181759
CARNIVAL,265148,94,Travel & Tourism,CCL,Pound,UNITED KINGDOM,GB0031215220
CARREFOUR,922029,88,Food Retail & Wsale,F:CRFR,E,FRANCE,FR0000120172
CASINO GUICHARD-P,923254,88,Food Retail & Wsale,F:CSO,E,FRANCE,FR0000125585
CASTELLUM,897359,112,"Real Estate Hold, Dev",W:CAST,SK,SWEDEN,SE0000379190
CD PROJECT RED,15145R,212,Elec. Entertainment,PO:CDR,PZ,POLAND,PLOPTTC00011
CELLNEX TELECOM,9505KZ,142,Telecom. Services,E:CLNX,E,SPAIN,ES0105066007
CEMBRA MONEY BANK N ORD,92219M,102,Banks,S:CMBN,SF,SWITZERLAND,CH0225173167
CENTRICA,888276,91,Multi-Utilities,CNA,Pound,UNITED KINGDOM,GB00B033F229
CHRISTIAN HANSEN HOLDING,69533L,157,Biotechnology,DK:CHR,DK,DENMARK,DK0060227585
CHRISTIAN DIOR,539616,69,"Clothing, Accessories",F:CDI,E,FRANCE,FR0000130403
RICHEMONT N,779102,227,Luxury Items,S:CFR,SF,SWITZERLAND,CH0210483332
CINEWORLD GROUP,36072J,55,Recreational Services,CINE,Pound,UNITED KINGDOM,GB00B15FWH70
CLARIANT,143981,92,Chemicals: Divers.,S:CLN,SF,SWITZERLAND,CH0012142631
CLOSE BROTHERS GROUP,905313,102,Banks,CBG,Pound,UNITED KINGDOM,GB0007668071
CNH INDUSTRIAL,90573W,117,"Comm. Vehicles, Parts",I:CNHI,E,ITALY,NL0010545661
CNP ASSURANCES,685687,106,Life Insurance,F:CNP,E,FRANCE,FR0000120222
COBHAM,904313,98,Aerospace,COB,Pound,UNITED KINGDOM,GB00B07KD360
COCA-COLA HBC,88346T,114,Soft Drinks,CCH,Pound,UNITED KINGDOM,CH0198251305
COFINIMMO,143451,239,Office REITs,B:COFN,E,BELGIUM,BE0003593044
COLOPLAST B,944371,103,Medical Supplies,DK:COL,DK,DENMARK,DK0060448595
COMMERZBANK (XET),866039,102,Banks,D:CBKX,E,GERMANY,DE000CBK1001
COMPASS GROUP,255049,256,Vending & Catering,CPG,Pound,UNITED KINGDOM,GB00BD6K4575
CONTINENTAL (XET),866040,53,Tires,D:CONX,E,GERMANY,DE0005439004
CONVATEC GROUP,2643R5,103,Medical Supplies,CTEC,Pound,UNITED KINGDOM,GB00BD3VFW73
COVESTRO (XET),8655VU,33,Specialty Chemicals,D:1COVX,E,GERMANY,DE0006062144
COVIVIO,772623,239,Office REITs,F:GARA,E,FRANCE,FR0000064578
CREDIT AGRICOLE,14866R,102,Banks,F:CRDA,E,FRANCE,FR0000045072
CREDIT SUISSE GROUP,950701,113,Div. Fin. Services,S:CSGN,SF,SWITZERLAND,CH0012138530
CRH (DUB),911840,30,Bldg Materials: Other,CRG,E,UNITED KINGDOM,IE0001827041
CRODA INTERNATIONAL,900476,92,Chemicals: Divers.,CRDA,Pound,UNITED KINGDOM,GB00BJFFLV09
CYBG,8898PW,102,Banks,CYBG,Pound,UNITED KINGDOM,GB00BD6GN030
DAIMLER (XET),688701,65,Automobiles,D:DAIX,E,GERMANY,DE0007100000
DANONE,912833,71,Food Products,F:BSN,E,FRANCE,FR0000120644
DANSKE BANK,929846,102,Banks,DK:DAB,DK,DENMARK,DK0010274414
DASSAULT AVIATION,936564,98,Aerospace,F:AM@F,E,FRANCE,FR0000121725
DASSAULT SYSTEMES,866708,58,Software,F:DSY,E,FRANCE,FR0000130650
DAVIDE CAMPARI MILANO,259385,68,Distillers & Vintners,I:CPR,E,ITALY,IT0005252207
DCC,135588,250,Security Services,DCC,E,UNITED KINGDOM,IE0002424939
DECHRA PHARMACEUTICALS,264572,95,Pharmaceuticals,DPH,Pound,UNITED KINGDOM,GB0009633180
DELIVERY HERO (XET),9111G4,156,Consumer Svs: Misc.,D:DHERX,E,GERMANY,DE000A2E4K43
DEMANT,143721,132,Medical Equipment,DK:WDH,DK,DENMARK,DK0060738599
DERWENT LONDON,926373,239,Office REITs,DLN,Pound,UNITED KINGDOM,GB0002652740
DEUTSCHE BANK (XET),866043,113,Div. Fin. Services,D:DBKX,E,GERMANY,DE0005140008
DEUTSCHE BOERSE (XET),13454V,111,Investment Services,D:DB1X,E,GERMANY,DE0005810055
DEUTSCHE POST (XET),280599,40,Delivery Services,D:DPWX,E,GERMANY,DE0005552004
DEUTSCHE TELEKOM (XET),882415,142,Telecom. Services,D:DTEX,E,GERMANY,DE0005557508
DEUTSCHE WOHNEN (XET) BR.SHS.,35940R,112,"Real Estate Hold, Dev",D:DWNIX,E,GERMANY,DE000A0HN5C6
DIAGEO,900251,68,Distillers & Vintners,DGE,Pound,UNITED KINGDOM,GB0002374006
DIALOG SEMICON. (XET),275830,130,Semiconductors,D:DLGX,E,GERMANY,GB0059822006
DIASORIN,50831K,132,Medical Equipment,I:DIA,E,ITALY,IT0003492391
DIRECT LINE IN.GROUP,87728X,107,Prop. & Casualty Ins.,DLG,Pound,UNITED KINGDOM,GB00BY9D0Y18
DKSH HOLDING,86969F,259,Prof.Business Support,S:DKSH,SF,SWITZERLAND,CH0126673539
DNB,307532,102,Banks,N:DNB,NK,NORWAY,NO0010031479
DOMETIC GROUP,8725XQ,75,Consumer Electronics,W:DOMT,SK,SWEDEN,SE0007691613
SMITH (DS),910685,70,Containers & Package,SMDS,Pound,UNITED KINGDOM,GB0008220112
DSV 'B',505651,131,Trucking,DK:DSV,DK,DENMARK,DK0060079531
DUFRY 'R',32504M,90,Specialty Retailers,S:DUFN,SF,SWITZERLAND,CH0023405456
E ON N (XET),866060,91,Multi-Utilities,D:EOANX,E,GERMANY,DE000ENAG999
EASYJET,280641,129,Airlines,EZJ,Pound,UNITED KINGDOM,GB00B7KR2P84
EDENRED,69633H,46,Fin. Data Providers,F:EDEN,E,FRANCE,FR0010908533
EDF,32269V,169,Conv. Electricity,F:EDF,E,FRANCE,FR0010242511
EDP ENERGIAS DE PORTUGAL,885986,96,Alt. Electricity,P:ECP,E,PORTUGAL,PTEDP0AM0009
EIFFAGE,936469,39,Construction,F:FGR,E,FRANCE,FR0000130452
ELECTROCOMP.,904690,32,Industrial Suppliers,ECM,Pound,UNITED KINGDOM,GB0003096442
ELECTROLUX B,929501,59,Household Appliance,W:SE@G,SK,SWEDEN,SE0000103814
ELEKTA B,142150,132,Medical Equipment,W:ELKB,SK,SWEDEN,SE0000163628
ELISA,698783,142,Telecom. Services,M:ELIS,E,FINLAND,FI0009007884
ELIS,9301ZZ,249,Rent & Lease:Consumer,F:ELIS,E,FRANCE,FR0012435121
EMS-CHEMIE 'N',992911,33,Specialty Chemicals,S:EMSN,SF,SWITZERLAND,CH0016440353
ENAGAS,25714E,31,Gas Distribution,E:ENAG,E,SPAIN,ES0130960018
ENDESA,701720,169,Conv. Electricity,E:ELE,E,SPAIN,ES0130670112
ENEL,275791,169,Conv. Electricity,I:ENEL,E,ITALY,IT0003128367
ENGIE,31270N,91,Multi-Utilities,F:ENGI,E,FRANCE,FR0010208488
ENI,866154,97,Integrated Oil & Gas,I:ENI,E,ITALY,IT0003132476
EPIROC A,9307Q7,229,Machinery: Const.,W:EPIA,SK,SWEDEN,SE0011166933
EQUINOR,257544,97,Integrated Oil & Gas,N:EQNR,NK,NORWAY,NO0010096985
ERICSSON B,902179,126,Telecom. Equipment,W:SL@G,SK,SWEDEN,SE0000108656
ERSTE GROUP BANK,893617,102,Banks,O:ERS,E,AUSTRIA,AT0000652011
ESSILORLUXOTTICA,936514,103,Medical Supplies,F:EI,E,FRANCE,FR0000121667
COLRUYT,950997,88,Food Retail & Wsale,B:COL,E,BELGIUM,BE0974256852
EURAZEO,923284,104,"Asset Mngr, Custodian",F:ERF,E,FRANCE,FR0000121121
EUROFINS SCIENTIFIC,892981,233,Medical Services,F:EUF,E,FRANCE,FR0000038259
EURONEXT,8912GY,111,Investment Services,F:ENX,E,FRANCE,NL0006294274
EUTELSAT COMMUNICATIONS,32057D,126,Telecom. Equipment,F:ETL,E,FRANCE,FR0010221234
EVONIK INDUSTRIES (XET),88337U,33,Specialty Chemicals,D:EVKX,E,GERMANY,DE000EVNK013
EVOTEC (XET),278249,157,Biotechnology,D:EVTX,E,GERMANY,DE0005664809
EVRAZ,77863Q,56,Iron & Steel,EVR,Pound,UNITED KINGDOM,GB00B71N6K86
EXOR ORD,54810U,113,Div. Fin. Services,I:EXOR,E,ITALY,NL0012059018
EXPERIAN,410124,259,Prof.Business Support,EXPN,Pound,UNITED KINGDOM,GB00B19NLV48
ESSITY B,9105NJ,48,Personal Products,W:ESSI,SK,SWEDEN,SE0009922164
FABEGE,505155,112,"Real Estate Hold, Dev",W:FABG,SK,SWEDEN,SE0011166974
FASTIGHETS BALDER B,273689,112,"Real Estate Hold, Dev",W:BALB,SK,SWEDEN,SE0000455057
FAURECIA,937211,63,Auto Parts,F:BERT,E,FRANCE,FR0000121147
FERGUSON,900764,32,Industrial Suppliers,FERG,Pound,UNITED KINGDOM,JE00BJVNSS43
FERRARI (MIL),8802TW,65,Automobiles,I:RACE,U$,ITALY,NL0011585146
FERROVIAL,29716D,216,Eng. & Contract Svs,E:FERC,E,SPAIN,ES0118900010
FIAT CHRYSLER AUTOS.,907656,65,Automobiles,I:FCA,E,ITALY,NL0010877643
FINECOBANK SPA,8933TL,102,Banks,I:FCBK,E,ITALY,IT0000072170
FLUGHAFEN ZURICH,729478,64,Transport Services,S:FHZN,SF,SWITZERLAND,CH0319416936
FLUTTER (DUB) ENTERTAINMENT,255282,100,Casinos & Gambling,PPBI,E,IRELAND,IE00BWT6H894
FORTUM,690351,169,Conv. Electricity,M:FORT,E,FINLAND,FI0009007132
FRAPORT (XET),13922N,64,Transport Services,D:FRAX,E,GERMANY,DE0005773303
FREENET (XET),278660,142,Telecom. Services,D:FNTNX,E,GERMANY,DE000A0Z2ZZ5
FRESENIUS MED.CARE (XET),882295,223,Health Care Services,D:FMEX,E,GERMANY,DE0005785802
FRESENIUS (XET),695406,223,Health Care Services,D:FREX,E,GERMANY,DE0005785604
FUCHS PETROLUB PF. (XET),688661,33,Specialty Chemicals,D:FPE3X,E,GERMANY,DE0005790430
GALAPAGOS,30939T,157,Biotechnology,H:GLPG,E,BELGIUM,BE0003818359
GALENICA SANTE,9060U5,120,Drug Retailers,S:GALE,SF,SWITZERLAND,CH0360674466
GALP ENERGIA SGPS,41289P,97,Integrated Oil & Gas,P:GES,E,PORTUGAL,PTGAL0AM0009
GEA GROUP (XET),866054,43,Machinery: Industrial,D:G1AX,E,GERMANY,DE0006602006
GEBERIT 'R',672626,204,Building & Plumbing,S:GEBN,SF,SWITZERLAND,CH0030170408
GECINA REIT,936866,239,Office REITs,F:GFC,E,FRANCE,FR0010040865
GENMAB,266617,157,Biotechnology,DK:GEN,DK,DENMARK,DK0010272202
GEORG FISCHER,929718,43,Machinery: Industrial,S:FIN,SF,SWITZERLAND,CH0001752309
GERRESHEIMER (XET),50634H,103,Medical Supplies,D:GXIX,E,GERMANY,DE000A0LD6E6
GETINGE B,308998,132,Medical Equipment,W:GIND,SK,SWEDEN,SE0000202624
GIVAUDAN 'N',289247,33,Specialty Chemicals,S:GIVN,SF,SWITZERLAND,CH0010645932
GJENSIDIGE FORSIKRING,72981N,141,Full Line Insurance,N:GJF,NK,NORWAY,NO0010582521
GLANBIA,943979,71,Food Products,GL9,E,IRELAND,IE0000669501
GLAXOSMITHKLINE,900479,95,Pharmaceuticals,GSK,Pound,UNITED KINGDOM,GB0009252882
GLENCORE,77128V,49,Coal,GLEN,Pound,UNITED KINGDOM,JE00B4T3BW64
GN STORE NORD,923945,132,Medical Equipment,DK:GSN,DK,DENMARK,DK0010272632
GRAND CITY PROPS. (XET),87995H,112,"Real Estate Hold, Dev",D:GYCX,E,LUXEMBOURG,LU0775917882
GREAT PORTLAND ESTATES,901594,239,Office REITs,GPOR,Pound,UNITED KINGDOM,GB00BF5H9P87
GREENE KING,900250,72,Restaurants & Bars,GNK,Pound,UNITED KINGDOM,GB00B0HZP136
GREGGS,952780,88,Food Retail & Wsale,GRG,Pound,UNITED KINGDOM,GB00B63QSB39
GRENKE N (XET),290301,152,Mortgage Finance,D:GLJX,E,GERMANY,DE000A161N30
GRIFOLS ORD CL A,29238T,157,Biotechnology,E:PROB,E,SPAIN,ES0171996087
G4S,871674,250,Security Services,GFS,Pound,UNITED KINGDOM,GB00B01FLG62
GBL NEW,930132,113,Div. Fin. Services,B:GBLN,E,BELGIUM,BE0003797140
SOCIETE GENERALE,755457,102,Banks,F:SGE,E,FRANCE,FR0000130809
GVC HOLDINGS,29927R,100,Casinos & Gambling,GVC,E,UNITED KINGDOM,IM00B5VQMV65
GETLINK,50767F,81,Railroads,F:GET,E,FRANCE,FR0010533075
H LUNDBECK,698585,95,Pharmaceuticals,DK:LUN,DK,DENMARK,DK0010287234
HALMA,910821,214,Elec. Eq: Gauges,HLMA,Pound,UNITED KINGDOM,GB0004052071
HAMMERSON,901596,161,Retail REITs,HMSO,Pound,UNITED KINGDOM,GB0004065016
HANNOVER RUECK (XET),888221,133,Reinsurance,D:HNR1X,E,GERMANY,DE0008402215
HARGREAVES LANSDOWN,50530U,104,"Asset Mngr, Custodian",HL.,Pound,UNITED KINGDOM,GB00B1VZ0M25
HAYS,901164,134,"Training, Emp. Agency",HAS,Pound,UNITED KINGDOM,GB0004161021
HEIDELBERGCEMENT (XET),870522,206,Cement,D:HEIX,E,GERMANY,DE0006047004
HEINEKEN HOLDING,929708,67,Brewers,H:HBA,E,NETHERLANDS,NL0000008977
HEINEKEN,905001,67,Brewers,H:HB,E,NETHERLANDS,NL0000009165
HELLA GMBH & KGAA,9173CH,63,Auto Parts,D:HLEX,E,GERMANY,DE000A13SX22
HELVETIA HOLDING N,929869,141,Full Line Insurance,S:HELN,SF,SWITZERLAND,CH0466642201
HENKEL PREF. (XET),866046,225,Hhold Equip. Products,D:HEN3X,E,GERMANY,DE0006048432
HENNES & MAURITZ B,702520,66,Apparel Retailers,W:HMBF,SK,SWEDEN,SE0000106270
HERA,27202M,91,Multi-Utilities,I:HER,E,ITALY,IT0001250932
HERMES INTL.,309037,69,"Clothing, Accessories",F:RMS,E,FRANCE,FR0000052292
HEXAGON B,779136,58,Software,W:EKBF,SK,SWEDEN,SE0000103699
HEXPOL B,53505R,210,Diversified Materials,W:HPOL,SK,SWEDEN,SE0007074281
HIKMA PHARMACEUTICALS,32273L,95,Pharmaceuticals,HIK,Pound,UNITED KINGDOM,GB00B0LCW083
HISCOX DI,359881,107,Prop. & Casualty Ins.,HSX,Pound,UNITED KINGDOM,BMG4593F1389
HOCHTIEF (XET),870523,39,Construction,D:HOTX,E,GERMANY,DE0006070006
HOMESERVE,928782,259,Prof.Business Support,HSV,Pound,UNITED KINGDOM,GB00BYYTFB60
HOWDEN JOINERY GP.,507530,85,Home Imprv. Retailers,HWDN,Pound,UNITED KINGDOM,GB0005576813
HSBC HOLDINGS,507534,102,Banks,HSBA,Pound,UNITED KINGDOM,GB0005405286
BOSS (HUGO) (XET),695420,69,"Clothing, Accessories",D:BOSSX,E,GERMANY,DE000A1PHFF7
HUHTAMAKI,772286,70,Containers & Package,M:HUIF,E,FINLAND,FI0009000459
HUSQVARNA B,36104X,225,Hhold Equip. Products,W:HUSB,SK,SWEDEN,SE0001662230
INTL.CONS.AIRL.GP.,74190D,129,Airlines,IAG,E,SPAIN,ES0177542018
IBERDROLA,998213,169,Conv. Electricity,E:IBE,E,SPAIN,ES0144580Y14
ICA GRUPPEN,32508K,88,Food Retail & Wsale,W:ICA,SK,SWEDEN,SE0000652216
ICADE REIT,929291,239,Office REITs,F:ICAD,E,FRANCE,FR0000035081
IG GROUP HOLDINGS,30851E,111,Investment Services,IGG,Pound,UNITED KINGDOM,GB00B06QFB75
ILIAD,28400H,142,Telecom. Services,F:ILD,E,FRANCE,FR0004035913
IMCD GROUP,8916Y6,33,Specialty Chemicals,H:IMCD,E,NETHERLANDS,NL0010801007
IMI,901704,213,Elec. Eq: Control,IMI,Pound,UNITED KINGDOM,GB00BGLP8L22
IMPERIAL BRANDS,882240,79,Tobacco,IMB,Pound,UNITED KINGDOM,GB0004544929
INCHCAPE,901029,90,Specialty Retailers,INCH,Pound,UNITED KINGDOM,GB00B61TVQ02
INDUSTRIVARDEN A,929438,113,Div. Fin. Services,W:IU,SK,SWEDEN,SE0000190126
INDUTRADE,31969R,101,Divers. Industrials,W:INDT,SK,SWEDEN,SE0001515552
INFINEON TECHS. (XET),287940,130,Semiconductors,D:IFXX,E,GERMANY,DE0006231004
INFORMA,679154,41,Media Agencies,INF,Pound,UNITED KINGDOM,GB00BMJ6DW54
ING GROEP,531865,102,Banks,H:INGA,E,NETHERLANDS,NL0011821202
INGENICO GROUP,921366,34,Computer Hardware,F:INGE,E,FRANCE,FR0000125346
INMARSAT,30877H,142,Telecom. Services,ISAT,Pound,UNITED KINGDOM,GB00B09LSH68
INMOBILIARIA COLONIAL,779321,239,Office REITs,E:COL,E,SPAIN,ES0139140174
INNOGY (XET),2628HR,91,Multi-Utilities,D:IGYX,E,GERMANY,DE000A2AADD2
ICTL.HTLS.GP.,26923V,80,Hotels & Motels,IHG,Pound,UNITED KINGDOM,GB00BHJYC057
INTERMEDIATE CAPITAL GP.,135592,111,Investment Services,ICP,Pound,UNITED KINGDOM,GB00BYT1DJ19
INTERPUMP GROUP,885153,43,Machinery: Industrial,I:IP,E,ITALY,IT0001078911
INTERTEK GROUP,258092,259,Prof.Business Support,ITRK,Pound,UNITED KINGDOM,GB0031638363
INTESA SANPAOLO,929420,102,Banks,I:ISP,E,ITALY,IT0000072618
INVESTEC,26027U,113,Div. Fin. Services,INVP,Pound,UNITED KINGDOM,GB00B17BBQ50
INVESTOR B,701717,113,Div. Fin. Services,W:ISBF,SK,SWEDEN,SE0000107419
IPSEN,32376D,95,Pharmaceuticals,F:IPN,E,FRANCE,FR0010259150
ISS,27544E,250,Security Services,DK:ISS,DK,DENMARK,DK0060542181
ITALGAS,2687X7,31,Gas Distribution,I:IG,E,ITALY,IT0005211237
ITV,931524,246,Radio TV Broadcasters,ITV,Pound,UNITED KINGDOM,GB0033986497
IWG,266577,259,Prof.Business Support,IWG,Pound,UNITED KINGDOM,JE00BYVQYS01
INDITEX,13863H,66,Apparel Retailers,E:IND,E,SPAIN,ES0148396007
JCDECAUX,259244,41,Media Agencies,F:DEC,E,FRANCE,FR0000077919
JD SPORTS FASHION,882323,66,Apparel Retailers,JD.,Pound,UNITED KINGDOM,GB00BYX91H57
JERONIMO MARTINS,504692,88,Food Retail & Wsale,P:JMT,E,PORTUGAL,PTJMT0AE0001
JOHNSON MATTHEY,901152,92,Chemicals: Divers.,JMAT,Pound,UNITED KINGDOM,GB00BZ4BQC70
JULIUS BAER GRUPPE,68066N,102,Banks,S:BAER,SF,SWITZERLAND,CH0102484968
JUPITER FUND MANAGEMENT,69622W,104,"Asset Mngr, Custodian",JUP,Pound,UNITED KINGDOM,GB00B53P2009
JUST EAT,8856H5,156,Consumer Svs: Misc.,JE.,Pound,UNITED KINGDOM,GB00BKX5CN86
JYSKE BANK,930630,102,Banks,DK:JYS,DK,DENMARK,DK0010307958
K + S (XET),686660,217,Fertilizers,D:SDFX,E,GERMANY,DE000KSAG888
KBC GROUP,923102,102,Banks,B:KB,E,BELGIUM,BE0003565737
KERRY GROUP 'A',901049,71,Food Products,KRZ,E,IRELAND,IE0004906560
KESKO B,772938,88,Food Retail & Wsale,M:KESK,E,FINLAND,FI0009000202
KGHM,892202,209,Copper,PO:KGH,PZ,POLAND,PLKGHM000017
KINGFISHER,940281,85,Home Imprv. Retailers,KGF,Pound,UNITED KINGDOM,GB0033195214
KINGSPAN GROUP,953547,30,Bldg Materials: Other,KRX,E,IRELAND,IE0004927939
KINNEVIK B,679685,113,Div. Fin. Services,W:KIVB,SK,SWEDEN,SE0008373906
KION GROUP (XET),89277R,229,Machinery: Const.,D:KGXX,E,GERMANY,DE000KGX8881
KLEPIERRE REIT,776602,161,Retail REITs,F:LI,E,FRANCE,FR0000121964
KNORR BREMSE (XET),93639F,247,Railroad Equipment,D:KBXX,E,GERMANY,DE000KBX1006
KONE 'B',772959,43,Machinery: Industrial,M:KNEBV,E,FINLAND,FI0009013403
KONECRANES,866457,117,"Comm. Vehicles, Parts",M:KCR1,E,FINLAND,FI0009005870
DSM KONINKLIJKE,779426,92,Chemicals: Divers.,H:DSM,E,NETHERLANDS,NL0000009827
KPN KON,142440,142,Telecom. Services,H:KPN,E,NETHERLANDS,NL0000009082
KUEHNE UND NAGEL INTERNATIONAL,142423,99,Marine Transportation,S:KNIN,SF,SWITZERLAND,CH0025238863
KERING,923657,66,Apparel Retailers,F:KER,E,FRANCE,FR0000121485
L'OREAL,923386,262,Cosmetics,F:OR@F,E,FRANCE,FR0000120321
LAGARDERE GROUPE,998500,84,Publishing,F:MMB,E,FRANCE,FR0000130213
LAND SECURITIES GROUP,901598,163,Diversified REITs,LAND,Pound,UNITED KINGDOM,GB00BYW0PQ60
LANXESS (XET),30189X,92,Chemicals: Divers.,D:LXSX,E,GERMANY,DE0005470405
LEG IMMOBILIEN (XET),88075E,112,"Real Estate Hold, Dev",D:LEGX,E,GERMANY,DE000LEG1110
LEGAL & GENERAL,901518,106,Life Insurance,LGEN,Pound,UNITED KINGDOM,GB0005603997
LEGRAND,35612E,258,Electrical Components,F:LRRS,E,FRANCE,FR0010307819
LEONARDO,936428,44,Defense,I:LDO,E,ITALY,IT0003856405
LINDE (XET),9372D6,33,Specialty Chemicals,D:LINX,U$,UNITED STATES,IE00BZ12WP82
CHOCOLADEFABRIKEN LINDT & SPRUENGLI,992918,71,Food Products,S:LISN,SF,SWITZERLAND,CH0010570759
LLOYDS BANKING GROUP,900856,102,Banks,LLOY,Pound,UNITED KINGDOM,GB0008706128
LOGITECH 'R',772868,34,Computer Hardware,S:LOGN,SF,SWITZERLAND,CH0025751329
LONDON STOCK EX.GROUP,298593,111,Investment Services,LSE,Pound,UNITED KINGDOM,GB00B0SWJX34
LONZA GROUP,276442,157,Biotechnology,S:LONN,SF,SWITZERLAND,CH0013841017
LOOMIS B,54388J,250,Security Services,W:LOOM,SK,SWEDEN,SE0002683557
LPP,259123,69,"Clothing, Accessories",PO:LPP,PZ,POLAND,PLLPP0000011
DEUTSCHE LUFTHANSA (XET),866051,129,Airlines,D:LHAX,E,GERMANY,DE0008232125
LUNDBERGFORETAGEN B,779304,112,"Real Estate Hold, Dev",W:LNBF,SK,SWEDEN,SE0000108847
LUNDIN PETROLEUM,257636,50,Oil: Crude Producers,W:LUPE,SK,SWEDEN,SE0000825820
LVMH,916658,69,"Clothing, Accessories",F:LVMH,E,FRANCE,FR0000121014
LAFARGEHOLCIM,929702,206,Cement,S:LHN,SF,SWITZERLAND,CH0012214059
MAN GROUP,136684,104,"Asset Mngr, Custodian",EMG,Pound,UNITED KINGDOM,JE00BJ1DLW90
MAPFRE,930790,141,Full Line Insurance,E:MAP,E,SPAIN,ES0124244E34
MARKS & SPENCER GROUP,901207,87,Diversified Retailers,MKS,Pound,UNITED KINGDOM,GB0031274896
MEDIOBANCA BC.FIN,916963,113,Div. Fin. Services,I:MB,E,ITALY,IT0000062957
MEGGITT,910509,98,Aerospace,MGGT,Pound,UNITED KINGDOM,GB0005758098
MELROSE INDUSTRIES,27922U,258,Electrical Components,MRO,Pound,UNITED KINGDOM,GB00BZ1G4322
MERCK KGAA (XET),870876,95,Pharmaceuticals,D:MRKX,E,GERMANY,DE0006599905
MERLIN ENTERTAINMENTS,86990F,55,Recreational Services,MERL,Pound,UNITED KINGDOM,GB00BDZT6P94
MERLIN PROPERTIES REIT,8933V9,163,Diversified REITs,E:MRLN,E,SPAIN,ES0105025003
METRO (XET),9113M9,88,Food Retail & Wsale,D:B4BX,E,GERMANY,DE000BFB0019
METSO,505967,43,Machinery: Industrial,M:MEO,E,FINLAND,FI0009007835
MICHELIN,912397,53,Tires,F:MCL,E,FRANCE,FR0000121261
MICRO FOCUS INTL.,30857U,58,Software,MCRO,Pound,UNITED KINGDOM,GB00BJ1F4N75
MONCLER,89376W,69,"Clothing, Accessories",I:MONC,E,ITALY,IT0004965148
MONDI,50629V,82,Paper,MNDI,Pound,UNITED KINGDOM,GB00B1CRLC47
MONEYSUPERMARKET COM GP.,50869K,151,Consumer Digital Svs,MONY,Pound,UNITED KINGDOM,GB00B1ZBKY84
MORPHOSYS (XET),695857,157,Biotechnology,D:MORX,E,GERMANY,DE0006632003
MORRISON(WM)SPMKTS.,905576,88,Food Retail & Wsale,MRW,Pound,UNITED KINGDOM,GB0006043169
MOWI,898039,35,"Farming, Fishing",N:MHG,NK,NORWAY,NO0003054108
MTU AERO ENGINES (XET) HLDG.,31131X,98,Aerospace,D:MTXX,E,GERMANY,DE000A0D9PT0
MUENCHENER RUCK. (XET),870533,133,Reinsurance,D:MUV2X,E,GERMANY,DE0008430026
NATIONAL GRID,870181,91,Multi-Utilities,NG.,Pound,UNITED KINGDOM,GB00BDR05C01
NATIXIS,929283,102,Banks,F:KN@F,E,FRANCE,FR0000120685
NEMETSCHEK (XET),695676,58,Software,D:NEMX,E,GERMANY,DE0006452907
NESTE,30754M,240,Oil Refining & Mkting,M:NEST,E,FINLAND,FI0009013296
NESTLE 'R',929724,71,Food Products,S:NESN,SF,SWITZERLAND,CH0038863350
WH SMITH,901215,90,Specialty Retailers,SMWH,Pound,UNITED KINGDOM,GB00B2PDGW16
NEXT,901203,87,Diversified Retailers,NXT,Pound,UNITED KINGDOM,GB0032089863
NIBE INDUSTRIER B,897581,205,Bldg: Climate Control,W:NIBE,SK,SWEDEN,SE0008321293
NMC HEALTH,87007Q,45,Health Care Providers,NMC,ED,UNITED KINGDOM,GB00B7FC0762
NN GROUP,8914QL,106,Life Insurance,H:NN,E,NETHERLANDS,NL0010773842
NOKIAN RENKAAT,143730,53,Tires,M:NOKT,E,FINLAND,FI0009005318
NOKIA,729882,126,Telecom. Equipment,M:NOK1,E,FINLAND,FI0009000681
NORDEA BANK (OME),671068,102,Banks,W:NDAS,SK,FINLAND,FI4000297767
NORSK HYDRO,923013,93,Aluminum,N:NHY,NK,NORWAY,NO0005052605
NOVARTIS 'R',885164,95,Pharmaceuticals,S:NOVN,SF,SWITZERLAND,CH0012005267
NOVO NORDISK 'B',952033,95,Pharmaceuticals,DK:NON,DK,DENMARK,DK0060534915
NOVOZYMES B,274399,157,Biotechnology,DK:NZY,DK,DENMARK,DK0060336014
NATURGY ENERGY,929544,31,Gas Distribution,E:CTG,E,SPAIN,ES0116870314
OC OERLIKON CORPORATION,936449,43,Machinery: Industrial,S:OERL,SF,SWITZERLAND,CH0000816824
OCADO GROUP,69832L,88,Food Retail & Wsale,OCDO,Pound,UNITED KINGDOM,GB00B3MBS747
OLD MUTUAL LIMITED (LON),674070,106,Life Insurance,OMU,Pound,SOUTH AFRICA,ZAE000255360
OMV,756879,97,Integrated Oil & Gas,O:OMV,E,AUSTRIA,AT0000743059
ORANGE,885569,142,Telecom. Services,F:ORA,E,FRANCE,FR0000133308
ORION B,308504,95,Pharmaceuticals,M:ORNB,E,FINLAND,FI0009014377
ORKLA,936884,71,Food Products,N:ORK,NK,NORWAY,NO0003733800
ORPEA,15406Q,45,Health Care Providers,F:ORP,E,FRANCE,FR0000184798
ORSTED,7469X6,91,Multi-Utilities,DK:DEN,DK,DENMARK,DK0060094928
OSRAM LICHT (XET),89387E,57,Elec. Eq: Other,D:OSRX,E,GERMANY,DE000LED4000
PANDORA,70254J,227,Luxury Items,DK:PND,DK,DENMARK,DK0060252690
PARGESA 'B',998266,113,Div. Fin. Services,S:PARG,SF,SWITZERLAND,CH0021783391
PARTNERS GROUP HOLDING,32993L,104,"Asset Mngr, Custodian",S:PGHN,SF,SWITZERLAND,CH0024608827
PEARSON,914021,84,Publishing,PSON,Pound,UNITED KINGDOM,GB0006776081
BANK POLSKA KASA OPIEKI,681819,102,Banks,PO:PKA,PZ,POLAND,PLPEKAO00016
PENNON GROUP,904391,144,Water,PNN,Pound,UNITED KINGDOM,GB00B18V8630
PERNOD-RICARD,923539,68,Distillers & Vintners,F:RCD,E,FRANCE,FR0000120693
PERSIMMON,910133,36,Home Construction,PSN,Pound,UNITED KINGDOM,GB0006825383
PEUGEOT,912709,65,Automobiles,F:PGT,E,FRANCE,FR0000121501
PHILIPS ELTN.KONINKLIJKE,933031,132,Medical Equipment,H:PHIL,E,NETHERLANDS,NL0000009538
PHOENIX GROUP HDG.,68356C,106,Life Insurance,PHNX,E,UNITED KINGDOM,GB00BGXQNP29
PIRELLI & C,9166LD,53,Tires,I:PIRL,E,ITALY,IT0005278236
PLKNC.NAFTOWY ORLEN,276548,240,Oil Refining & Mkting,PO:PLK,PZ,POLAND,PLPKN0000018
PKO BANK,29727C,102,Banks,PO:PKB,PZ,POLAND,PLPKO0000016
POLISH OIL AND GAS,31682J,97,Integrated Oil & Gas,PO:PGN,PZ,POLAND,PLPGNIG00014
POLYMETAL INTERNATIONAL,77857C,119,Gold Mining,POLY,UR,UNITED KINGDOM,JE00B6T5S470
PORSCHE AML.HLDG. (XET) PREF.,870491,65,Automobiles,D:PAH3X,E,GERMANY,DE000PAH0038
POSTE ITALIANE,51269L,106,Life Insurance,I:PST,E,ITALY,IT0003796171
PROSIEBENSAT 1 (XET) MEDIA,898031,246,Radio TV Broadcasters,D:PSMX,E,GERMANY,DE000PSM7770
PROXIMUS,27597M,142,Telecom. Services,B:PROX,E,BELGIUM,BE0003810273
PRUDENTIAL,901521,106,Life Insurance,PRU,Pound,UNITED KINGDOM,GB0007099541
PRYSMIAN,50483U,258,Electrical Components,I:PRY,E,ITALY,IT0004176001
PSP SWISS PROPERTY AG,276844,112,"Real Estate Hold, Dev",S:PSPN,SF,SWITZERLAND,CH0018294154
PUBLICIS GROUPE,936775,41,Media Agencies,F:PUB,E,FRANCE,FR0000130577
PUMA (XET),882054,153,Footwear,D:PUMX,E,GERMANY,DE0006969603
PZU GROUP,69231H,107,Prop. & Casualty Ins.,PO:PZU,PZ,POLAND,PLPZU0000011
QIAGEN (XET),679549,157,Biotechnology,D:QIAX,E,GERMANY,NL0012169213
QUILTER,9313KY,104,"Asset Mngr, Custodian",QLT,Pound,UNITED KINGDOM,GB00BDCXV269
RAIFFEISEN BANK INTL.,30823F,102,Banks,O:RAI,E,AUSTRIA,AT0000606306
RANDSTAD,505482,134,"Training, Emp. Agency",H:RAND,E,NETHERLANDS,NL0000379121
RECKITT BENCKISER GROUP,900484,62,Nondur.Household Prod,RB.,Pound,UNITED KINGDOM,GB00B24CGK77
RECORDATI INDUA.CHIMICA,923325,95,Pharmaceuticals,I:REC,E,ITALY,IT0003828271
RED ELECTRICA,672716,169,Conv. Electricity,E:REE,E,SPAIN,ES0173093024
RELX,901080,84,Publishing,REL,Pound,UNITED KINGDOM,GB00B2B0DG97
REMY COINTREAU,307428,68,Distillers & Vintners,F:RCO,E,FRANCE,FR0000130395
RENAULT,143366,65,Automobiles,F:RENU,E,FRANCE,FR0000131906
RENTOKIL INITIAL,906480,259,Prof.Business Support,RTO,Pound,UNITED KINGDOM,GB00B082RF11
REPSOL YPF,504421,97,Integrated Oil & Gas,E:REP,E,SPAIN,ES0173516115
REXEL,50367K,75,Consumer Electronics,F:RXL,E,FRANCE,FR0010451203
RHEINMETALL (XET),870540,44,Defense,D:RHMX,E,GERMANY,DE0007030009
RIGHTMOVE,32837T,151,Consumer Digital Svs,RMV,Pound,UNITED KINGDOM,GB00BGDT3G23
RIO TINTO,901714,122,General Mining,RIO,Pound,UNITED KINGDOM,GB0007188757
ROCHE HOLDING,905520,95,Pharmaceuticals,S:ROG,SF,SWITZERLAND,CH0012032048
ROCKWOOL INTERNATIONAL B,870463,30,Bldg Materials: Other,DK:ROC,DK,DENMARK,DK0010219153
ROLLS-ROYCE HOLDINGS,940793,98,Aerospace,RR.,Pound,UNITED KINGDOM,GB00B63H8491
ROTORK,910649,213,Elec. Eq: Control,ROR,Pound,UNITED KINGDOM,GB00BVFNZH21
ROYAL BANK OF SCTL.GP.,901450,102,Banks,RBS,Pound,UNITED KINGDOM,GB00B7T77214
ROYAL DUTCH SHELL A,902178,97,Integrated Oil & Gas,H:RDSA,E,NETHERLANDS,GB00B03MLX29
ROYAL MAIL,91073H,40,Delivery Services,RMG,Pound,UNITED KINGDOM,GB00BDVZYZ77
ROYAL UNIBREW,772435,67,Brewers,DK:RBR,DK,DENMARK,DK0060634707
RSA INSURANCE GROUP,901514,141,Full Line Insurance,RSA,Pound,UNITED KINGDOM,GB00BKKMKR23
RTL GROUP (XET),14594R,246,Radio TV Broadcasters,D:RRTLX,NA,LUXEMBOURG,LU0061462528
RUBIS,929242,31,Gas Distribution,F:RUI,E,FRANCE,FR0013269123
RWE (XET),866056,91,Multi-Utilities,D:RWEX,E,GERMANY,DE0007037129
RYANAIR HOLDINGS,897365,129,Airlines,RY4C,E,IRELAND,IE00BYTBXV33
SAAB B,681554,98,Aerospace,W:SAAB,SK,SWEDEN,SE0000112385
SAFRAN,929273,98,Aerospace,F:SGM,E,FRANCE,FR0000073272
SAGE GROUP,904649,58,Software,SGE,Pound,UNITED KINGDOM,GB00B8C3BL03
SAINSBURY J,926002,88,Food Retail & Wsale,SBRY,Pound,UNITED KINGDOM,GB00B019KW72
SAINT GOBAIN,741689,30,Bldg Materials: Other,F:SGO,E,FRANCE,FR0000125007
SAIPEM,906090,51,Oil Equipment & Svs,I:SPM,E,ITALY,IT0005252140
SALMAR,35728X,35,"Farming, Fishing",N:SALM,NK,NORWAY,NO0010310956
SAMPO 'A',772753,107,Prop. & Casualty Ins.,M:SAMA,E,FINLAND,FI0009003305
SANDVIK,749050,232,Machinery: Tools,W:SAND,SK,SWEDEN,SE0000667891
SANOFI,992594,95,Pharmaceuticals,F:SQ@F,E,FRANCE,FR0000120578
SANTANDER BANK POLSKA,259335,102,Banks,PO:BZW,PZ,POLAND,PLBZ00000044
SAP (XET),888098,58,Software,D:SAPX,E,GERMANY,DE0007164600
SARTORIUS PREF. (XET),697721,132,Medical Equipment,D:SRT3X,E,GERMANY,DE0007165631
SARTORIUS STEDIM BIOTECH,143238,103,Medical Supplies,F:DIM,E,FRANCE,FR0013154002
SBM OFFSHORE,916775,51,Oil Equipment & Svs,H:SBMO,E,NETHERLANDS,NL0000360618
SCHIBSTED A,307673,84,Publishing,N:SCH,NK,NORWAY,NO0003028904
SCHINDLER 'P',951694,43,Machinery: Industrial,S:SCHP,SF,SWITZERLAND,CH0024638196
SCHNEIDER ELECTRIC,998075,258,Electrical Components,F:QT@F,E,FRANCE,FR0000121972
SCHRODERS,901471,104,"Asset Mngr, Custodian",SDR,Pound,UNITED KINGDOM,GB0002405495
SCOR SE,776500,133,Reinsurance,F:SCO,E,FRANCE,FR0010411983
SSE,928738,169,Conv. Electricity,SSE,Pound,UNITED KINGDOM,GB0007908733
SCOUT24 (XET),8653LL,151,Consumer Digital Svs,D:G24X,E,GERMANY,DE000A12DM80
SEB,936411,225,Hhold Equip. Products,F:SEB,E,FRANCE,FR0000121709
SECURITAS B,307020,250,Security Services,W:SUBF,SK,SWEDEN,SE0000163594
SEGRO,901614,160,Industrial REITs,SGRO,Pound,UNITED KINGDOM,GB00B5ZN1N88
SES FDR (PAR),28939P,126,Telecom. Equipment,F:SESG,E,LUXEMBOURG,LU0088087324
SEVERN TRENT,904373,144,Water,SVT,Pound,UNITED KINGDOM,GB00B1FH8J72
SGS 'N',921809,250,Security Services,S:SGSN,SF,SWITZERLAND,CH0002497458
SIEMENS GAMESA RENEWABLE ENERGY,269298,74,Renewable Energy Eq.,E:GAM,E,SPAIN,ES0143416115
SIEMENS (XET) HEALTHINEERS,92770M,132,Medical Equipment,D:SHLX,E,GERMANY,DE000SHL1006
SIEMENS (XET),866058,101,Divers. Industrials,D:SIEX,E,GERMANY,DE0007236101
SIGNIFY,7418Z9,30,Bldg Materials: Other,H:LIGH,E,NETHERLANDS,NL0011821392
SIKA,992809,30,Bldg Materials: Other,S:SIKA,SF,SWITZERLAND,CH0418792922
SIMCORP,291169,58,Software,DK:SIM,DK,DENMARK,DK0060495240
SKANDINAVISKA ENSKILDA BANKEN A,749199,102,Banks,W:SEA,SK,SWEDEN,SE0000148884
SKANSKA B,700242,39,Construction,W:SKBF,SK,SWEDEN,SE0000113250
SKF B,912324,234,Metal Fabricating,W:SKFB,SK,SWEDEN,SE0000108227
SMITH & NEPHEW,900487,132,Medical Equipment,SN.,Pound,UNITED KINGDOM,GB0009223206
SMITHS GROUP,900943,101,Divers. Industrials,SMIN,Pound,UNITED KINGDOM,GB00B1WY2338
SMURFIT KAPPA GROUP,50259L,70,Containers & Package,SK3,E,IRELAND,IE00B1RR8406
SNAM,14822X,52,Pipelines,I:SRG,E,ITALY,IT0003153415
SODEXO,993597,72,Restaurants & Bars,F:SDX,E,FRANCE,FR0000121220
SOFINA,901864,104,"Asset Mngr, Custodian",B:SOF,E,BELGIUM,BE0003717312
SOLVAY,912543,92,Chemicals: Divers.,B:SOL,E,BELGIUM,BE0003470755
SONOVA N,143406,132,Medical Equipment,S:SOON,SF,SWITZERLAND,CH0012549785
SOPRA STERIA GROUP,505319,150,Computer Services,F:SOP,E,FRANCE,FR0000050809
SPECTRIS,953203,258,Electrical Components,SXS,Pound,UNITED KINGDOM,GB0003308607
SPIE,9530M3,216,Eng. & Contract Svs,F:SPIE,E,FRANCE,FR0012757854
SPIRAX-SARCO ENGR.,900741,43,Machinery: Industrial,SPX,Pound,UNITED KINGDOM,GB00BWFGQN14
AXEL SPRINGER (XET),688869,84,Publishing,D:SPRX,E,GERMANY,DE0005501357
SSP GROUP,8940CK,72,Restaurants & Bars,SSPG,Pound,UNITED KINGDOM,GB00BGBN7C04
ST.JAMES'S PLACE ORD,882217,106,Life Insurance,STJ,Pound,UNITED KINGDOM,GB0007669376
STANDARD CHARTERED,901459,102,Banks,STAN,Pound,UNITED KINGDOM,GB0004082847
STANDARD LIFE ABERDEEN,36228U,104,"Asset Mngr, Custodian",SLA,Pound,UNITED KINGDOM,GB00BF8Q6K64
STMICROELECTRONICS (MIL),682863,130,Semiconductors,I:STM,E,FRANCE,NL0000226223
STORA ENSO R,772943,82,Paper,M:EGR,E,FINLAND,FI0009005961
STOREBRAND,929556,106,Life Insurance,N:STB,NK,NORWAY,NO0003053605
STRAUMANN HOLDING,673975,103,Medical Supplies,S:STMN,SF,SWITZERLAND,CH0012280076
SUBSEA 7,897482,51,Oil Equipment & Svs,N:SUBC,E,NORWAY,LU0075646355
SUEZ,53595N,144,Water,F:SEV,E,FRANCE,FR0010613471
SUNRISE COMMUNICATIONS,9310Z9,142,Telecom. Services,S:SRCG,SF,SWITZERLAND,CH0267291224
SVENSKA CELLULOSA AKTIEBOLAGET SCA B,929503,38,Forestry,W:SW@G,SK,SWEDEN,SE0000112724
SVENSKA HANDELSBANKEN A,998080,102,Banks,W:SVK,SK,SWEDEN,SE0007100599
THE SWATCH GROUP,309729,227,Luxury Items,S:UHR,SF,SWITZERLAND,CH0012255151
SWEDBANK A,143784,102,Banks,W:SWED,SK,SWEDEN,SE0000242455
SWEDISH MATCH,870913,79,Tobacco,W:SWMA,SK,SWEDEN,SE0000310336
SWEDISH ORPHAN BIOVITRUM,41207N,157,Biotechnology,W:SOBI,SK,SWEDEN,SE0000872095
SWISS LIFE HOLDING,26394L,106,Life Insurance,S:SLHN,SF,SWITZERLAND,CH0014852781
SWISS PRIME SITE,288983,112,"Real Estate Hold, Dev",S:SPSN,SF,SWITZERLAND,CH0008038389
SWISS RE,77161H,133,Reinsurance,S:SREN,SF,SWITZERLAND,CH0126881561
SWISSCOM 'R',685617,142,Telecom. Services,S:SCMN,SF,SWITZERLAND,CH0008742519
SYMRISE (XET),41442W,92,Chemicals: Divers.,D:SY1X,E,GERMANY,DE000SYM9999
TAG IMMOBILIEN (XET),291953,112,"Real Estate Hold, Dev",D:TEGX,E,GERMANY,DE0008303504
TAKEAWAY COM,2600CP,151,Consumer Digital Svs,H:TKWY,E,NETHERLANDS,NL0012015705
TATE & LYLE,900819,71,Food Products,TATE,Pound,UNITED KINGDOM,GB0008754136
TAYLOR WIMPEY,900345,36,Home Construction,TW.,Pound,UNITED KINGDOM,GB0008782301
TECAN 'R',505384,132,Medical Equipment,S:TECN,SF,SWITZERLAND,CH0012100191
TECHNIPFMC (PAR),9009JW,51,Oil Equipment & Svs,F:FTI,E,UNITED STATES,GB00BDSFG982
TELE2 B,870939,142,Telecom. Services,W:TEL2,SK,SWEDEN,SE0005190238
TELECOM ITALIA,923374,142,Telecom. Services,I:TIT,E,ITALY,IT0003497168
TELEFONICA DTL. (XET) HLDG.,87779J,142,Telecom. Services,D:O2DX,E,GERMANY,DE000A1J5RX9
TELEFONICA,929534,142,Telecom. Services,E:TEF,E,SPAIN,ES0178430E18
TELENET GROUP HOLDING,32011D,142,Telecom. Services,B:TNET,E,BELGIUM,BE0003826436
TELENOR,255248,142,Telecom. Services,N:TEL,NK,NORWAY,NO0010063308
TELEPERFORMANCE,936782,151,Consumer Digital Svs,F:ROFR,E,FRANCE,FR0000051807
TELIA COMPANY,295979,142,Telecom. Services,W:TEL,SK,SWEDEN,SE0000667925
TEMENOS N,259315,58,Software,S:TEMN,SF,SWITZERLAND,CH0012453913
TENARIS,26613D,234,Metal Fabricating,I:TEN,E,LUXEMBOURG,LU0156801721
TERNA RETE ELETTRICA NAZ,29096C,169,Conv. Electricity,I:TRN,E,ITALY,IT0003242622
TESCO,900803,88,Food Retail & Wsale,TSCO,Pound,UNITED KINGDOM,GB0008847096
TGS-NOPEC GEOPHS.,896646,51,Oil Equipment & Svs,N:TGS,NK,NORWAY,NO0003078800
THALES,923543,44,Defense,F:CSF,E,FRANCE,FR0000121329
THYSSENKRUPP (XET),866059,101,Divers. Industrials,D:TKAX,E,GERMANY,DE0007500001
TOMRA SYSTEMS,945051,43,Machinery: Industrial,N:TOM,NK,NORWAY,NO0005668905
TOPDANMARK,701545,107,Prop. & Casualty Ins.,DK:TOP,DK,DENMARK,DK0060477503
TOTAL,912398,97,Integrated Oil & Gas,F:TAL,E,FRANCE,FR0000120271
TRAVIS PERKINS,931669,32,Industrial Suppliers,TPK,Pound,UNITED KINGDOM,GB0007739609
TRELLEBORG B,729752,43,Machinery: Industrial,W:TT@G,SK,SWEDEN,SE0000114837
TRITAX BIG BOX REIT,93789N,109,Investment Trusts,BBOX,Pound,UNITED KINGDOM,GB00BG49KP99
TRYG,31964N,141,Full Line Insurance,DK:TRY,DK,DENMARK,DK0060636678
TUI (LON),9237FL,94,Travel & Tourism,TUI,E,GERMANY,DE000TUAG000
TULLOW OIL,506343,50,Oil: Crude Producers,TLW,Pound,UNITED KINGDOM,GB0001500809
UNIONE DI BANCHE ITALIAN,27217K,102,Banks,I:UBI,E,ITALY,IT0003487029
UBISOFT ENTERTAINMENT CAT A,866709,212,Elec. Entertainment,F:UBI,E,FRANCE,FR0000054470
UBS GROUP,9215N3,104,"Asset Mngr, Custodian",S:UBSG,SF,SWITZERLAND,CH0244767585
UCB,916676,95,Pharmaceuticals,B:UCB,E,BELGIUM,BE0003739530
UDG HEALTHCARE PUBLIC,507417,224,Health Care: Misc.,UDG,E,IRELAND,IE0033024807
UMICORE,929345,122,General Mining,B:UMI,E,BELGIUM,BE0974320526
WFD UNIBAIL RODAMCO STAPLED UNITS,932422,161,Retail REITs,H:UBL,E,FRANCE,FR0013326246
UNICREDIT,929395,102,Banks,I:UCG,E,ITALY,IT0005239360
UNILEVER,932911,48,Personal Products,H:UNI,E,NETHERLANDS,NL0000388619
UNILEVER (UK),900789,48,Personal Products,ULVR,Pound,UNITED KINGDOM,GB00B10RZP78
UNIPER SE (XET),2571JZ,91,Multi-Utilities,D:UN01X,E,GERMANY,DE000UNSE018
UNITE GROUP,698466,162,Residential REITs,UTG,Pound,UNITED KINGDOM,GB0006928617
UNITED INTERNET (XET),679547,151,Consumer Digital Svs,D:UTDIX,E,GERMANY,DE0005089031
UNITED UTILITIES GROUP,904367,144,Water,UU.,Pound,UNITED KINGDOM,GB00B39J2M42
UPM-KYMMENE,539717,82,Paper,M:UPM,E,FINLAND,FI0009005987
VALEO,922053,63,Auto Parts,F:FR,E,FRANCE,FR0013176526
VAT GROUP,7084PR,213,Elec. Eq: Control,S:VACN,SF,SWITZERLAND,CH0311864901
VEOLIA ENVIRON,289374,144,Water,F:VIE,E,FRANCE,FR0000124141
VERBUND,779332,96,Alt. Electricity,O:VERB,E,AUSTRIA,AT0000746409
VESTAS WINDSYSTEMS,679534,74,Renewable Energy Eq.,DK:VEW,DK,DENMARK,DK0010268606
VICTREX,870364,33,Specialty Chemicals,VCT,Pound,UNITED KINGDOM,GB0009292243
VIFOR PHARMA,993229,95,Pharmaceuticals,S:VIFN,SF,SWITZERLAND,CH0364749348
VINCI,772568,39,Construction,F:DG@F,E,FRANCE,FR0000125486
VISCOFAN,749099,71,Food Products,E:VIS,E,SPAIN,ES0184262212
VIVENDI,923139,246,Radio TV Broadcasters,F:EX@F,E,FRANCE,FR0000127771
VODAFONE GROUP,953133,142,Telecom. Services,VOD,Pound,UNITED KINGDOM,GB00BH4HKS39
VOESTALPINE,303482,56,Iron & Steel,O:VAS,E,AUSTRIA,AT0000937503
VOLKSWAGEN PREF. (XET),888096,65,Automobiles,D:VOW3X,E,GERMANY,DE0007664039
VOLVO B,944486,117,"Comm. Vehicles, Parts",W:VOBF,SK,SWEDEN,SE0000115446
KONINKLIJKE VOPAK,278066,64,Transport Services,H:VPK,E,NETHERLANDS,NL0009432491
VALMET,8696MY,43,Machinery: Industrial,M:VALM,E,FINLAND,FI4000074984
VONOVIA (XET),89379C,112,"Real Estate Hold, Dev",D:VNAX,E,GERMANY,DE000A1ML7J1
WARTSILA,772963,230,Machinery: Engines,M:WRT,E,FINLAND,FI0009003727
WDP,672654,160,Industrial REITs,B:WDP,E,BELGIUM,BE0003763779
WEIR GROUP,900699,43,Machinery: Industrial,WEIR,Pound,UNITED KINGDOM,GB0009465807
WENDEL,929215,101,Divers. Industrials,F:MF@F,E,FRANCE,FR0000121204
WHITBREAD,900271,72,Restaurants & Bars,WTB,Pound,UNITED KINGDOM,GB00B1KJJ408
WIENERBERGER,998096,30,Bldg Materials: Other,O:WNBA,E,AUSTRIA,AT0000831706
WIRECARD (XET),268566,261,Transaction Process,D:WDIX,E,GERMANY,DE0007472060
WOLTERS KLUWER,932826,84,Publishing,H:WSG,E,NETHERLANDS,NL0000395903
WOOD GROUP (JOHN),258098,51,Oil Equipment & Svs,WG.,Pound,UNITED KINGDOM,GB00B5N0P849
WORLDLINE,8914MZ,261,Transaction Process,F:WLN,E,FRANCE,FR0011981968
WPP,926119,41,Media Agencies,WPP,Pound,UNITED KINGDOM,JE00B8KF9B49
YARA INTERNATIONAL,28681E,217,Fertilizers,N:YARA,NK,NORWAY,NO0010208051
ZALANDO (XET),9142RP,66,Apparel Retailers,D:ZALX,E,GERMANY,DE000ZAL1111
ZURICH INSURANCE GROUP,929733,141,Full Line Insurance,S:ZURN,SF,SWITZERLAND,CH0011075394